Date,IBM,GOOG,NVDA,MSFT,AAPL,TSLA,AMZN,META
2025-03-14,0.010320763341810521,0.01739178758395366,0.051349503358979635,0.02551848014629073,0.018007534266819177,0.037912677650069934,0.020723473340341268,0.02919925686387743
2025-03-17,0.018431969061167827,-0.00628371268361612,-0.017745076192819703,0.0003601870827840724,0.002385927286445827,-0.04906823105490024,-0.011227182074080659,-0.004453517042499043
2025-03-18,-0.024085064420897105,-0.023692138760356172,-0.03490306129225978,-0.013416014582775049,-0.00614026528620476,-0.05483544563443516,-0.015030126840267754,-0.03797433775392787
2025-03-19,0.02139328908446873,0.02194951634445348,0.01794418453820409,0.011149630739538452,0.01191800697820243,0.045761190368065426,0.014007778521538292,0.0029149093234057556
2025-03-20,-0.036201702141723933,-0.007424603413052638,0.008557527259815392,-0.002530249405532545,-0.005310501011020059,0.0016944590202751025,-0.0030218279679656837,0.003315943161551196
2025-03-21,0.0022577499462785294,0.007244104696451751,-0.007027070855381454,0.011361193751296827,0.01928961890955973,0.0513547158131408,0.006442448675219972,0.017340249561647866
2025-03-24,0.018606420680204648,0.021893855226140062,0.031034325734698574,0.004640800550818956,0.011207410053437512,0.11273547481030481,0.03530037223454001,0.03720299182827428
2025-03-25,0.0058192033957536905,0.016690378981206986,-0.005947997580503561,0.005277622425667818,0.013589063767491449,0.034423463077927825,0.011981521917604297,0.011982555070325345
2025-03-26,0.0017590679746200633,-0.03324513741896998,-0.059134310275674694,-0.013220944205326898,-0.009971298130206968,-0.05742390273973778,-0.022515953159889142,-0.02478123467558346
2025-03-27,-0.01663512845300006,-0.018477647315077485,-0.02069438777053164,0.001562952027639864,0.010418183155279457,0.003925268964187628,0.001142864416179142,-0.013843784042843088
2025-03-28,-0.00901657253522278,-0.05011357287289951,-0.015920778042537023,-0.030624423132466567,-0.026939938824715872,-0.035704833212183235,-0.043855989217514546,-0.04382885273093078
2025-03-31,0.01891832935774237,0.0010886595648998537,-0.01183228400182569,-0.009042879843288259,0.019226533807503023,-0.016797411271064034,-0.012846835734262254,-0.0006591065589042802
2025-04-01,0.00673337163048043,0.01682001097681698,0.01619958812828833,0.017952500798414775,0.004760651082845126,0.03525624951763979,0.00998885850959942,0.016587181548014158
2025-04-02,-0.0014390356270359104,-0.0001257730163025256,0.002448127312958385,-0.00013091783114323568,0.003131424661602211,0.05189662060946535,0.019785262896236874,-0.0035386406449110586
2025-04-03,-0.02630497457484316,-0.04000675086721227,-0.08128106646665656,-0.023913833417961234,-0.09701326454420206,-0.05630172235818194,-0.0940813573992858,-0.09385227592432231
2025-04-04,-0.06801357409935044,-0.0325626216133694,-0.07642295152473849,-0.036213646159083984,-0.07568035370075911,-0.11003572551557192,-0.04242073641032032,-0.05190519060805175
2025-04-07,-0.0075013277693691096,0.010101742294187496,0.03469994438982112,-0.0055177498019892135,-0.037425944633356655,-0.02597878190231111,0.024606997782102066,0.0225675986708548
2025-04-08,-0.021262542110282806,-0.01798437494295747,-0.013818840529489507,-0.009264277039620341,-0.051101834349552816,-0.05023573100190593,-0.026597259717812963,-0.011298482064212929
2025-04-09,0.06260526104389447,0.09420551861838447,0.17162072342566922,0.09652467206808424,0.142617325001121,0.20449058000160142,0.11312358861813517,0.13763450730396154
2025-04-10,-0.024782844273225604,-0.03596748735205323,-0.06094727494711714,-0.023684606786803536,-0.043318609189966585,-0.0755220285780395,-0.053085113655140896,-0.06977717319288398
2025-04-11,0.02550504231369122,0.025607379032409047,0.030757562677878148,0.018446932820775683,0.039792089476687206,-0.0003566259450699316,0.019941079422269643,-0.004991485990952997
2025-04-14,0.015088644626777368,0.012902491059291735,-0.001985198741229029,-0.0016489964988410032,0.02181436513945285,0.00015855643290671638,-0.014987065296594422,-0.022493087621428712
2025-04-15,0.006836708641138842,-0.017429820202148495,0.013368805296761056,-0.005377916425242271,-0.001878074221819785,0.006950209565496345,-0.013989329016472998,-0.018917779991509433
2025-04-16,-0.008888524537047143,-0.02024371974003356,-0.07119154777139383,-0.03729273027552107,-0.03971164938442461,-0.050690742903996715,-0.029726389380639047,-0.037530233452843495
2025-04-17,0.0010054142260871785,-0.013857745910344934,-0.02913114890654451,-0.010359988149301806,0.013853268725293778,-0.0007454979855451015,-0.00991534732389348,-0.001653728602839484
2025-04-21,-0.010904608086825212,-0.023086396078994625,-0.046177454969923155,-0.023828343588713812,-0.019583329570011045,-0.05918076725792799,-0.031126527586896723,-0.03411610900460752
2025-04-22,0.019618330210262363,0.026601386530266093,0.02022537463736439,0.02121469867791688,0.03349769355710467,0.04499438204493094,0.03442328337941731,0.03172031643485431
2025-04-23,0.01883353983744253,0.024518266310033066,0.03790127992635914,0.02042675475774412,0.024040346900261272,0.052271947159751794,0.041953201051518486,0.03918001259039259
2025-04-24,-0.06805338967118117,0.02349802909122235,0.0355780124145906,0.033901559889364545,0.018258377165775514,0.03437870754426389,0.032360982528496264,0.024454932817753672
2025-04-25,0.013341114875500408,0.014632073144976488,0.042132911308412305,0.01167955326887017,0.0043578723315619095,0.09351849398026,0.013048475365695443,0.02613946466178965
2025-04-28,0.016006357612556803,-0.00876583907275326,-0.020752627984238475,-0.0017624187976570203,0.004100805996606399,0.0032583903115033577,-0.0068492053390797475,0.00450313887345329
2025-04-29,0.013584556847866953,-0.002218966326349275,0.0026636118861515876,0.007335676459733854,0.0050789808256106106,0.021284373105168935,-0.0016529240033086564,0.008513151895225751
2025-04-30,0.010099579728219068,-0.007245645117059021,-0.0009177460396820735,0.0030914086271372934,0.006089119923406586,-0.03438223363024816,-0.01597624814818092,-0.009860171649726598
2025-05-01,-0.008972382885098634,0.011740085970205824,0.024397011671066938,0.07348604606912208,0.0038514462406365473,-0.005829314402079844,0.030860378884021808,0.04140766385039266
2025-05-02,0.024279326425957974,0.018381449293625465,0.02556424954741541,0.022959658008321133,-0.0380775936581797,0.02356864125337387,-0.0011573530932636395,0.04244457598770763
2025-05-05,0.014674910539629046,0.0014465361880786703,-0.005956572091273119,0.0020425062951081926,-0.031963978788773405,-0.024495847170982712,-0.019292122294797282,0.003761550633242888
2025-05-06,-0.00024083240381117912,-0.005132208445818144,-0.0024630207932687313,-0.006578635104513526,-0.0019125386595231632,-0.01767474071206643,-0.00721681069789819,-0.02015940987097963
2025-05-07,0.01691615493994512,-0.07802692151314435,0.03053137522671381,9.232530148791122e-05,-0.011449993938167785,0.0031546161942166075,0.019801632738363693,0.016045935175913826
2025-05-08,0.0030344428492951464,0.019122169147883304,0.0026447306007199795,0.011061260938679426,0.006298593991509425,0.030659773437438274,0.01770048072706834,0.0020087293320518217
2025-05-09,-0.012997005528782742,-0.008834865185093514,-0.006153365094515101,0.0012772501396489976,0.0052522973819535855,0.046108194570086934,0.005089047328858073,-0.009273522101016115
2025-05-12,0.017857267643017094,0.03312825377776117,0.05300641080963476,0.023717487088309352,0.06123253372409365,0.06528003118679684,0.07760926703827985,0.07624310910887198
2025-05-13,0.019130722571262745,0.00817550076650155,0.05481136920807433,-0.0002669851153174121,0.010101128824685867,0.04810492051681205,0.012999853383055317,0.025629489874318345
2025-05-14,-0.002982106156929437,0.036134585176922925,0.040794262711428365,0.00842492892589001,-0.0028217831561660077,0.0399319216619113,-0.005312830342904736,0.005062998666479639
2025-05-15,0.03378770100927266,-0.008488712017897476,-0.003775350441351778,0.002253525213353704,-0.004153052704613105,-0.01407694599861275,-0.024458403999516362,-0.02375720072081769
2025-05-16,0.0003000708613756226,0.012198411587075719,0.004218666534108666,0.0025127580054977628,-0.0008989569186479148,0.020670491941373468,0.002044981599618388,-0.00551304195506413
2025-05-19,0.0061663034563816535,0.00262465448546452,0.001254695838942981,0.010075127519562129,-0.011808595148625234,-0.02280219175263177,0.0027687076543830617,0.00014051823165986196
2025-05-20,-0.0054543449869838565,-0.015306783311842665,-0.008816451945526478,-0.0015265760973737531,-0.009238802480674083,0.005044436283555748,-0.010189475975831261,-0.005213234292151286
2025-05-21,-0.023039219316437255,0.028268285337124142,-0.019385979908510684,-0.012297915534386087,-0.02332906866046245,-0.027122740878422213,-0.01456138756787949,-0.002514514817006033
2025-05-22,-0.009629545318185133,0.011226730594581307,0.007784472588990611,0.005047277339223857,-0.003618781349286485,0.019004252475032086,0.009796778074282274,0.0016822668928147314
2025-05-23,0.001005880984499297,-0.013994304950366595,-0.011661537423707832,-0.010342208052536684,-0.03071125926766296,-0.004997253689502847,-0.010443315729919826,-0.01505223249217012
2025-05-27,0.017629656380773333,0.025556515005172843,0.031562961731518485,0.023077821285608705,0.02498370530128218,0.06709725458197968,0.02471808928544102,0.024044521747496057
2025-05-28,-0.011424009845842622,-0.0034546213092956635,-0.005105126806973366,-0.0072545238457449495,0.0010483636887751138,-0.016644185010272462,-0.006330074379308311,0.001959693110436915
2025-05-29,-0.005973640673865155,-0.0024253378668065745,0.03197351965516137,0.0028820428859637954,-0.0023479462099841204,0.0042777491260106125,0.004775584008620333,0.002281481143307836
2025-05-30,0.0014291648138737788,-0.0006361765579654784,-0.02960257386263701,0.003655906508106462,0.004491143445886329,-0.03396601533337422,-0.003360050181079145,0.0037755398355731992
2025-06-02,0.01851048473304966,-0.014451683302148934,0.016513500505562415,0.0034912429168350886,0.004223038592199533,-0.010941091649071494,0.007967779780350723,0.03551674915454435
2025-06-03,0.0049141619673043115,-0.015736229989589387,0.02756804517640441,0.002162253700448431,0.00775374755762891,0.004599945784019605,-0.00455906882030232,-0.006055101953190142
2025-06-04,0.0012058496931146483,0.009967436826275456,0.004944626116286623,0.0019420257292459468,-0.002216278782983811,-0.03614067809813415,0.007361824330479417,0.031151181538666594
2025-06-05,0.005033987259031519,0.0024764804239042143,-0.013692452665405617,0.008179959834071963,-0.01085651511529286,-0.15384948606327908,0.003276044436817532,-0.004852345399909838
2025-06-06,0.007503725260237844,0.029648543168226366,0.01228211848812834,0.005756602836447724,0.01626532194490758,0.0360138325066553,0.0268593707089079,0.018939727412951534
2025-06-09,0.01186815854878378,0.01657535983889779,0.006400723144077613,0.0050259181229619886,-0.012186562603219835,0.04453121583281344,0.015840481625608374,-0.0052452498372825935
2025-06-10,0.015173959805851742,0.013309570925545751,0.009281581599223064,-0.0038784722638328384,0.006037878129545515,0.05519232015438431,0.0028993089092673027,0.011944698981084316
2025-06-11,0.01893345565667165,-0.006800537566296135,-0.007810998523934495,0.0036033981281257507,-0.01938038534214743,0.0010421025390305668,-0.02047379463536856,-0.01182942085750118
2025-06-12,-0.0017420545898228523,-0.010231666528778265,0.015078685098274031,0.013137532511937222,0.0021106894117195567,-0.022679683166052338,0.00018763973740831241,-0.0011242642875210077
2025-06-13,-0.013649954041248172,-0.006178221503432087,-0.021118073175124843,-0.008198642681060048,-0.013901381409216582,0.019242741328905938,-0.005360427367806205,-0.015244810219097274
2025-06-16,0.01649249656035735,0.01164449093001544,0.018977830742543268,0.008762294353875523,0.009978032131971447,0.011674257976472,0.01868340140955021,0.02856891475903526
2025-06-17,0.00431952286705452,-0.003998177742628065,-0.003947309718690903,-0.0022984435487914917,-0.014109733732180564,-0.03960360944657592,-0.0059407894922023025,-0.006989033514628445
2025-06-18,0.0005652482444519946,-0.01850794546407629,0.009392319389974604,0.004591552451335456,0.004793163899890253,0.017857560202303197,-0.010764380578029788,-0.0020961938711339645
2025-06-20,-0.007940819343810152,-0.03658485361740449,-0.01126743272200272,-0.005931288264851968,0.022235564814750797,0.00034155282181088666,-0.013405860444963278,-0.019476341636214495
2025-06-23,0.028801351497375893,-0.010307462024888222,0.0022220651174162756,0.017853959924301718,0.0024843525909344025,0.07910624722725408,-0.005835109391705959,0.02343545282162674
2025-06-24,0.015815867193926168,0.010367181335938431,0.02554303986210498,0.008421128480588666,-0.005973168862430719,-0.023827555571310416,0.02041663831593163,0.019380571640627772
2025-06-25,-0.00933572448930654,0.02210982085150746,0.042427406190420444,0.004397610089750412,0.006270873802582309,-0.03868634165630777,-0.0036726605052767557,-0.004954701971823371
2025-06-26,0.002984532614423301,0.016998397508405625,0.004590493120936221,0.010467708027766509,-0.0027820575310859453,-0.005418374727754274,0.023911043937020576,0.02426999451782878
2025-06-27,-0.0076680697077931,0.021775855460000312,0.017457501758148218,-0.0030401030082375146,0.0003979327192980262,-0.006621400161764133,0.028065998915184062,0.010330719705106265
2025-06-30,0.017383445829292465,-0.0049485501663995264,0.0015202357813822165,0.0029596989342190664,0.02013591105412152,-0.01861926308527601,-0.017665207343808734,0.006060966954262559
2025-07-01,-0.012219027542300719,-0.002709519207107115,-0.030134974737803088,-0.0108343552066878,0.012833527240028552,-0.0548353231730864,0.004865337820140418,-0.02589849600597024
2025-07-02,-0.012265836674294412,0.015981340890188715,0.025439993152528935,-0.0019528896929048721,0.021987220737205337,0.04848766871497916,-0.002452467458083949,-0.007886685013345449
2025-07-03,0.014906557637883443,0.004385197514532521,0.013203438882959067,0.0156579747361966,0.005211382965499187,-0.0009508330128998894,0.015744829251554494,0.007594703375258407
2025-07-07,0.0017110423045875519,-0.01669914482633277,-0.006927356204234811,-0.0022477210393947573,-0.017001530537160636,-0.07030747928005848,0.00026851753624536286,-0.0009184064839751064
2025-07-08,-0.007033816444529566,-0.013608744464323008,0.011060928263480669,-0.0022126089655030825,0.0002856518218209976,0.013080017887538436,-0.018562963722362966,0.0032244799695399
2025-07-09,-0.0009645785731430089,0.014171786864389257,0.01783988777058804,0.013778515307014945,0.005366344294458053,-0.006501707849529647,0.014392611963869897,0.016664198793587
2025-07-10,-0.009384325534526538,0.005836702237430642,0.0074622986953861055,-0.004039855451496449,0.0059969334396774284,0.046198855706690405,-0.0012589875178302516,-0.007589038771079571
2025-07-11,-0.013449810466367186,0.014499974358290285,0.004984454919256748,0.0036624309212508993,-0.005902195453381596,0.01167844971117151,0.01234146308748988,-0.013469664745252661
2025-07-14,0.0007049739283515986,0.008239081866432066,-0.0051673099282076845,-0.0005962429187498232,-0.012101840180690205,0.01075495879659973,0.0029730809278073135,0.004741352309945637
2025-07-15,-0.003848187036090842,0.001585112200225353,0.039614420191223965,0.005550974992262568,0.0023460717008902156,-0.019500985006087518,0.0029201137891530816,-0.01471408807799329
2025-07-16,-0.0027629165408077183,0.003652487098716434,0.00391734766955151,-0.0003954909711362287,0.005008713863585393,0.03444095462458378,-0.014059063272129654,-0.010585266488622644
2025-07-17,0.0002837417589989741,0.005047869334162184,0.009466639146369284,0.011953129932020627,-0.000666366230369783,-0.007050661595447646,0.003086778258328562,-0.0021363174908775916
2025-07-18,0.013630018375982683,0.006691153092217571,-0.0034161611860592275,-0.0032297597105977057,0.00550807738367113,0.031555911584314186,0.009999860894734277,0.004083490425377045
2025-07-21,-0.004066075092858365,0.02763440195518699,-0.005992059702308101,1.9558339593982832e-05,0.006136992592796734,-0.003525100711992725,0.013921126445029842,0.012263340754110947
2025-07-22,-0.009705859194438993,0.005009730806631106,-0.025709853858088744,-0.0094354143529694,0.008995536676261068,0.010959828902223289,-0.008012836242670535,-0.011511046757792033
2025-07-23,0.0001773917424719917,-0.003128159390832924,0.022202635834811597,0.0011867643937927476,-0.001166704251064248,0.0013540923687317768,0.003598354221935051,0.01236631173252073
2025-07-24,-0.07930132224226275,0.008785900738592891,0.017183810026743608,0.009855038818230761,-0.0018227781721994732,-0.08552542784602518,0.01711152033504944,0.0017080820928616792
2025-07-25,-0.003037191281526063,0.004544596668666742,-0.0013823270754584475,0.005524243494956933,0.0005611867643643862,0.034637201499348805,-0.0034075702705456917,-0.00297015451204854
2025-07-28,0.013348065805458288,-0.0034065690832678535,0.01855865226448988,-0.0023582955451459868,0.0007946427095913475,0.029706848621967902,0.00581605955069594,0.006921599252500482
2025-07-29,-0.00304393581031056,0.01544214126363112,-0.007040271693966676,0.00013660525190890304,-0.013072742970519372,-0.013574889801361277,-0.007675754918146071,-0.02487379158589128
2025-07-30,-0.008227056724438705,0.005128715358928858,0.02119707794992163,0.0013062395207716433,-0.010563439787344572,-0.006747506520358081,-0.0035559103854630675,-0.006866331281990748
2025-07-31,-0.027699033943458417,-0.023470255934287053,-0.007840175111206516,0.03871547740452897,-0.007104897662415208,-0.03434052685502853,0.016886027515609428,0.10663405039925287
2025-08-01,-0.012321180457822867,-0.015203724509512219,-0.023608121226798857,-0.01775746092215451,-0.025321519331393285,-0.018465033347039538,-0.08631653211497635,-0.03076151057280808
2025-08-04,0.007688709908961366,0.030077569742514597,0.035512069773851344,0.02176088366095922,0.004781584991822558,0.02167142527004271,-0.014540622735209995,0.034542572800988956
2025-08-05,-0.005212373331855248,-0.0021990839537584924,-0.009713718442209087,-0.014839703292966211,-0.0021168961182062526,-0.0017476574412364776,0.009873169687714855,-0.016768356931848468
2025-08-06,0.006402262056357767,0.008158319290962088,0.00648625663512085,-0.00533869997982522,0.04965337441251654,0.03560499649944306,0.03926568541504039,0.011110827755799618
2025-08-07,-0.008438902043730346,0.0018264892027471432,0.007496171998690576,-0.007841026390804359,0.031298712343558535,0.007349951735303974,0.003681789897764909,-0.01324819442056138
2025-08-08,-0.02530946762450595,0.02408897081001226,0.010619919008578975,0.002301173464362124,0.04148529065897621,0.02264179762598033,-0.0019739023688590293,0.00975763555044512
2025-08-11,-0.024950645026584638,-0.0022787467985559613,-0.003509238112943672,-0.0005173201801425215,-0.008372309739574823,0.028057128395424267,-0.006261419913672536,-0.004468691350988404
2025-08-12,-0.0064958773493361075,0.012469706413488072,0.006023816556037098,0.014215182172784797,0.010813758371364397,0.005324552775796538,0.0007678847964323423,0.031020558728372213
2025-08-13,0.022324309357800932,-0.005550305035925212,-0.008608653798644192,-0.01649832570302204,0.015897437361664515,-0.004292710283261014,0.013855775538096454,-0.012636365476370722
2025-08-14,-0.012406498886206327,0.0038835686360341047,0.0023651056738877856,0.0036430354469972745,-0.002360009613884975,-0.011260099884090402,0.028188187008165968,0.0026243951102297453
2025-08-15,0.010947430555310101,0.005333554310715315,-0.008662804692042862,-0.004431088881465546,-0.005125269260025916,-0.015072159502432556,0.00021645874568753922,0.003955718484647959
2025-08-18,-0.0011269534250323387,-0.003030230149380202,0.008607801368352591,-0.005919476116473005,-0.003027098981898543,0.013819862125930686,0.001989132843084511,-0.023007618236744878
2025-08-19,0.007613517589756565,-0.008850073087808233,-0.035625106188042995,-0.014276504165331777,-0.001430291785831238,-0.017608491717904177,-0.015147236228621111,-0.020924477031927798
2025-08-20,0.0052497215187991275,-0.011423659067084558,-0.0013673634964971996,-0.007976430927444505,-0.01993191816954049,-0.01656474162017639,-0.018591996826338653,-0.005016009246873105
2025-08-21,-0.013072114213120092,0.0021456446080742393,-0.0023974379006856325,-0.0012883601739178386,-0.00492334850628289,-0.011770166368817137,-0.008345349193359648,-0.011595362403358254
2025-08-22,0.011173815517550435,0.029952785158658925,0.01705581002367675,0.005912290029565607,0.012636557853807327,0.0603104166993377,0.03057093586711227,0.021006317054089254
2025-08-25,-0.01104845944087301,0.011734253171690422,0.01017330889317426,-0.005872544882251361,-0.0026378418247804086,0.019196337227210383,-0.003940606259072855,-0.0019760252132578256
2025-08-26,0.013276623518611955,-0.005801890707181636,0.010841395706416915,-0.004412227578508171,0.0094202286822618,0.01452187916170169,0.0033724076943096397,0.0010614559437708004
2025-08-27,0.009067173698991132,0.001249514672053712,-0.0009355788578708133,0.009318264045292216,0.005132719840409774,-0.005903612812939926,0.0017910076284830656,-0.008951182691109881
2025-08-28,0.0036284767760480503,0.019782845834665545,-0.007905708413872031,0.005706561624243669,0.008940749184059526,-0.010408659566889222,0.010765909591411497,0.004978327991224309
2025-08-29,-0.009157435030082746,0.00544723620084835,-0.03381165435421267,-0.005805259692780816,-0.0018076343154580796,-0.0356293206445078,-0.011289768498294606,-0.01666025137279853
2025-09-02,-0.008206450617028321,-0.0072381896282652505,-0.019713036514491123,-0.003103369107083713,-0.010479434881734952,-0.01360034804236362,-0.016111647069703763,-0.00487173783889732
2025-09-03,0.010708531397755952,0.08631152130967504,-0.0009372260023245525,0.0004552682916525242,0.0373823332188683,0.014259073808795026,0.00288041832828813,0.002635614824792557
2025-09-04,0.012538838425100304,0.006727616246711432,0.006076904242296264,0.005171154071776547,0.00547826662608221,0.01320230431684188,0.041984146824532165,0.015615898151703693
2025-09-05,0.00544670637639421,0.010730451507357814,-0.02740216240269134,-0.025864628358700167,-0.00037541330898129005,0.035717557533237444,-0.01431613896889294,0.005063004640440946
2025-09-08,0.029965382992538453,-0.0034105969393590347,0.007693824414153946,0.006443817121539332,-0.00758004513282915,-0.0127361095766315,0.014994810804568525,-0.00019945469720795064
2025-09-09,0.011723702885395811,0.024384210868267187,0.014451498666018775,0.00042138045152580184,-0.0149506219450665,0.0016441653277190816,0.010124998519937195,0.01765528929589819
2025-09-10,-0.008643576807338437,-0.0015849896986218977,0.03775343262051414,0.003924835333552985,-0.032791271045805905,0.0023605495234688204,-0.033765520828453625,-0.01808073598781144
2025-09-11,0.0005059491469005736,0.005079775492819751,-0.0008462586151700266,0.0012782561102659654,0.014185276809186579,0.05868272574299215,-0.0016511904499798356,-0.0014372102053956059
2025-09-12,-0.013987916278693299,0.0024888461179106767,0.0036620168169008314,0.017588555726204592,0.017410496957209892,0.07098109112687562,-0.007858600093329492,0.006226449717750562
2025-09-15,0.010987396864925544,0.042103761993751286,-0.0003936467559653467,0.01065103481439463,0.011173249798929598,0.034992045964953526,0.014274139722700788,0.011984616983829074
2025-09-16,0.004982873215279782,-0.0013514638697554179,-0.016278071737281796,-0.012339077089064716,0.006107248126145962,0.027849686096646824,0.011257360441086762,0.018527416688991365
2025-09-17,0.006039498970441292,-0.006264046009673697,-0.02659722737366243,0.0019233021834196365,0.003521013968839509,0.010006196509857018,-0.010436704109897131,-0.00421937556244976
2025-09-18,0.02259303225108273,0.009876958268983336,0.03434388991210669,-0.003083015295126659,-0.004655392669439339,-0.021384159862326838,-0.001685208986324988,0.005822749435214127
2025-09-19,0.005268996486467734,0.011466570036263224,0.0024367633114044094,0.018473260574695834,0.03153058391446455,0.021877209710827277,0.001080590559717161,-0.0023995864144693915
2025-09-22,0.018484294013220375,-0.009289192618687258,0.038530451374934785,-0.00674170396062263,0.042192900302590174,0.01892459915165681,-0.016771933038536895,-0.01645513967787314
2025-09-23,0.0032008147723268485,-0.0021377155654391847,-0.028617642790173294,-0.01019860964397128,-0.006464105813548765,-0.019441082441463448,-0.030871872178262885,-0.012837509618783147
2025-09-24,-0.01745234178140145,-0.018034313906358537,-0.008216136468703266,0.0018049158360357077,-0.00836725849202465,0.03900845039857305,-0.002267986025112884,0.0069390180511237015
2025-09-25,0.05068760930148152,-0.005097133835125447,0.004060340737146719,-0.00613457935532753,0.01791159235712427,-0.04480186162620923,-0.009398795415484473,-0.015567652227074263
2025-09-26,0.01014588418252127,0.002470839767619013,0.0028099031575023995,0.008699141267967558,-0.005504221127631377,0.03938961629749567,0.007444168873481812,-0.006913814567383431
2025-09-29,-0.0159901187887638,-0.011474206407901252,0.020331822428759798,0.006120493444398394,-0.0040401127374681736,0.006360288086303643,0.010815805882780046,-0.00047072142417497423
2025-09-30,0.008399286459073198,-0.0033203375390987175,0.02567782632915341,0.006488918695771688,0.0007858061820065801,0.0034011943142930328,-0.011771724709007034,-0.012207631388299944
2025-10-01,0.015229295118564924,0.008137615841392113,0.003531195606199452,0.003392200749707718,0.0032151674950933427,0.03260699487618123,0.004815990813160187,-0.023476691999647574
2025-10-02,0.0008025174906645852,0.0036181123784196317,0.008773575541577188,-0.007668305665979179,0.006555096245001334,-0.052409624917241146,0.008035429408424817,0.013445324960633886
2025-10-03,0.005738259488364093,8.11591762845815e-05,-0.006746146966392577,0.003116865423178031,0.0034553030219053762,-0.014252492909231236,-0.01312477732054764,-0.022941859935964155
2025-10-06,0.003634569116986493,0.020323578259102887,-0.011148237209627232,0.021455827695391016,-0.005168026032186899,0.05305409919515741,0.006312318256467209,0.0071517760648933245
2025-10-07,0.01525858304401966,-0.017568201773675313,-0.002698441213908405,-0.008721831535095682,-0.0008183005676312295,-0.04549829949251959,0.003975811225101454,-0.0036115544569888824
2025-10-08,-0.01512040038039277,-0.006780465511106046,0.02175681948046783,0.0016589857908293844,0.0061414329738929815,0.012847468714676217,0.015391813667974614,0.006653147609519006
2025-10-09,-0.004258303521857655,-0.013328864754403213,0.018130894630978597,-0.004678862571105753,-0.01570052856314726,-0.007206358713169257,0.011126943813862119,0.021594438087548625
2025-10-10,-0.03678543936772389,-0.019679625451275183,-0.05009963153015511,-0.022142294719191255,-0.035132010240949876,-0.05195335338705128,-0.05121476887040818,-0.039217988314609
2025-10-13,-0.0021619913323544706,0.02966221091202765,0.027782585224038966,0.006029238522721848,0.009697188915848344,0.052779538485349636,0.016955828210376053,0.01463786283297029
2025-10-14,-0.003867238424846232,0.00631590903627711,-0.045019240466326105,-0.0009342866778087992,0.00044404353368307243,-0.01539666493428667,-0.016863378479674927,-0.009899327043387486
2025-10-15,0.01652046054208512,0.022174013742784406,-0.0011114789856192203,-0.0002725479023386769,0.006316543897858392,0.013674604901329141,-0.0037966156016826813,0.012480899507072638
2025-10-16,-0.017172420861779794,0.0006751513324182315,0.01095022271154542,-0.0035511569119545737,-0.00760886043856255,-0.014816786729139185,-0.005115842622809568,-0.007666397128163029
2025-10-17,0.019058453428704006,0.007554304412066367,0.007725462942447067,0.0038432762301217173,0.01937056750233797,0.024331310172500658,-0.006689964147498498,0.006787982013837044
2025-10-20,0.008390418369132652,0.012646789299596442,-0.003170638763439442,0.006230631655657903,0.03868097494530444,0.01831477587612344,0.016018234695332655,0.0210484371375758
2025-10-21,-0.005656754870361624,-0.02234730540936216,-0.008136414546060781,0.0016821661103704202,0.0020188933418115364,-0.01085364312168525,0.025314357693141158,0.0015013631508518518
2025-10-22,0.019173336392187965,0.004723441836365451,-0.004869391502995129,0.005548017386565068,-0.016576702058946933,-0.008235365016010689,-0.01854683769726401,0.00019083315388704214
2025-10-23,-0.008768465671008157,0.004740680350188456,0.010374211051715317,3.850060739009602e-05,0.004362523603168023,0.022547291398770954,0.014304177190941961,0.0008041643807585911
2025-10-24,0.07585579457720598,0.026370493259296048,0.022258035392054606,0.00584194641894034,0.012404640585310558,-0.03457920037137167,0.014013300747685163,0.005922479653611209
2025-10-27,0.018145681228134758,0.035521403247080474,0.027692151144970024,0.01499383734595132,0.022535316635468854,0.042211814191010485,0.012234712914707927,0.016734409300663694
2025-10-28,-0.0016621604538557418,-0.0055724516477620115,0.04861857742843619,0.01965415727436889,0.0007065606505676427,0.01781041931942346,0.009995255600938363,0.0008254391865893537
2025-10-29,-0.01404711723395095,0.02479892285517578,0.02945785122908878,-0.0009598141785635673,0.0025988547161788934,0.002082342411769511,0.00456970894129321,0.0003060119173459616
2025-10-30,0.005984497267616684,0.02416323316101238,-0.020248085279448852,-0.029590445980310513,0.006283446827328092,-0.047501755655160294,-0.03283904572023767,-0.1203022510996158
2025-10-31,-0.008583518887097035,-0.00028373274300845785,-0.0019734183403692595,-0.015236525400138043,-0.003802262344922466,0.03671813319553837,0.09152568904562086,-0.027564439419363672
2025-11-03,-0.008756266143457198,0.00812808909362576,0.021448378486165685,-0.0015074088681434853,-0.004894215035782787,0.025538450543862383,0.039264803615285844,-0.01654697231557618
2025-11-04,-0.012814352051773479,-0.021559776893999447,-0.04039310108689996,-0.0052357444173193966,0.003672905070218473,-0.052848572813666,-0.018597025701107325,-0.016426949787369673
2025-11-05,0.01948656662015891,0.02377471050278708,-0.01766982230750043,-0.014038629624112751,0.00037029605711407865,0.03930641199562339,0.0035233445181079427,0.0136631960648558
2025-11-06,0.018250136909266874,0.002069858630443228,-0.037208545384962245,-0.020035324263284925,-0.0013707015250657905,-0.035599264459215095,-0.029034574612610754,-0.027111632765790015
2025-11-07,-0.01952221684263247,-0.0199638509656699,0.0003721114707823952,-0.0005634228707259525,-0.004830527423589156,-0.03744886561150212,0.005621146751201347,0.004465438536276326
2025-11-10,0.014434184522859501,0.03819575849786099,0.05631653285510292,0.018308909344763428,0.004538407434672484,0.03592274671529928,0.0161931675138767,0.016035827240922708
2025-11-11,0.014738923520688493,0.003949538305406656,-0.030037214335174377,0.005282431185985817,0.02137110593244862,-0.01268032095842644,0.0028141212824006312,-0.007435389059722185
2025-11-12,0.004008314108159011,-0.01488368204612815,0.003307882918741538,0.004824422150558545,-0.006487791833362907,-0.020731107188327342,-0.01986689759076167,-0.029239472404906482
2025-11-13,-0.03265656985003073,-0.029337453362339255,-0.03646711365097375,-0.015477005621992168,-0.0019032501358421112,-0.06875241071018368,-0.027483132611142096,0.0014439079546312203
2025-11-14,0.002718936830451291,-0.007696444283687291,0.017558708664468615,0.013597085691179728,-0.0019804359095259394,0.005853666241942873,-0.01223891180071706,-0.0007052558482812994
2025-11-17,-0.028267189084886468,0.030646898571237657,-0.018951053657407912,-0.005286604464892409,-0.018338265985077234,0.011238716089416035,-0.007785167790615942,-0.01229932988591982
2025-11-18,-0.02459579531199305,-0.0022435082507955327,-0.028483287444823868,-0.027366645572650034,-7.469497556412872e-05,-0.01893489628165649,-0.045328527802621185,-0.007201811057902887
2025-11-19,-0.004909558109464215,0.02778972831563835,0.02805449587626998,-0.01359985926335979,0.004179013490990589,0.006805426562391663,0.0006288715862684946,-0.01240749518392443
2025-11-20,0.006460240448991661,-0.010326420503648319,-0.032032423697866866,-0.016130752130625807,-0.008638599469070626,-0.021922199285516537,-0.025238376767976148,-0.001983874335724793
2025-11-21,0.023953250403017216,0.032803063615479515,-0.009790851268402874,-0.013276705058988399,0.01948949882234899,-0.010530198558583292,0.01621670892983362,0.00861925409925716
2025-11-24,0.022209805321440203,0.06091317215667079,0.020308941393949672,0.00397416003412538,0.01618582582601152,0.0660172720981127,0.025014152157624068,0.03114637292069064
2025-11-25,0.0011830832000080662,0.01610351578494842,-0.02625236853586816,0.006288127313256544,0.003798202195763628,0.003870128654219355,0.01487032297548011,0.03709782814310947
2025-11-26,-0.004179826019856539,-0.010436151341183548,0.013628426497535618,0.017683784095154906,0.00209182590417099,0.016974787220379935,-0.0022230225348219158,-0.0041107548148767445
2025-11-28,0.017555536447585857,-0.000499804817396778,-0.018250529412443567,0.013319822731352777,0.004672952133414649,0.008380619474776033,0.01756175380535844,0.022379995844114292
2025-12-01,-0.009475010870862464,-0.015742320208710876,0.01636265119304991,-0.010768997568688727,0.015126209461309542,-6.97394621241348e-05,0.002825964858582112,-0.010986981398502604
2025-12-02,-0.0128078253336959,0.002851962463480023,0.008522905549192543,0.006675328097538651,0.010855683796743168,-0.0020945908399217085,0.0023061862991379644,0.009674201055549482
2025-12-03,0.002779610335992459,0.014451168899650126,-0.010358780113431765,-0.025359686639780894,-0.007153633631999635,0.039960567737700375,-0.008740386717129234,-0.011657874829207703
2025-12-04,0.017589363595533064,-0.0069796142838945575,0.02093976783855516,0.006488829072488685,-0.012215793279375341,0.017287167308555625,-0.014171743534491207,0.03371251049329149
2025-12-05,-0.00016224533223974555,0.01155393941353292,-0.005303645132968149,0.004813310246453404,-0.006863570983802831,0.0010335035967348669,0.0018314943611840917,0.017813779175403853
2025-12-08,0.004018576516050366,-0.023353643842679704,0.017067494481283838,0.016137000980794174,-0.003197560218945108,-0.03447772390855956,-0.011568418747626617,-0.009879083658219613
2025-12-09,0.004195964275082464,0.010439802458282448,-0.0031307522745196094,0.0020344823434482223,-0.0025582890023414006,0.012636566806914386,0.004529366309921425,-0.014866907788968167
2025-12-10,0.0070288251341369375,0.010176210440620944,-0.006454291233027983,-0.027737779361902727,0.005755849221286536,0.014008389943790958,0.016793958483706913,-0.010450834424699287
2025-12-11,-0.006191800145214944,-0.02300400796371084,-0.015629217144241425,0.010207703021102152,-0.0026939160410902646,-0.010152139695978377,-0.006492686132941979,0.003960557936591403
2025-12-12,-0.004838939812151049,-0.010188815259034145,-0.03320989556876012,-0.010270341829200724,0.0008988517870461178,0.026650529578487583,-0.017920589673159203,-0.013077111861833347
2025-12-15,-0.0018772579951028124,-0.0038719799615916776,0.0072300945050929495,-0.007783156157861534,-0.015098445975886323,0.03500417593015653,-0.016268534273204432,0.005893679380504947
2025-12-16,-0.017913695772195693,-0.005153520937580969,0.00807896271619421,0.003301087054829448,0.0018224589395023538,0.03019325551468915,8.98866451848032e-05,0.014778087527754367
2025-12-17,0.00046171463536623397,-0.03192801837813959,-0.03889665598996,-0.0005669737926510515,-0.010138194827446007,-0.04727460429487326,-0.005813022613826454,-0.011709503968792702
2025-12-18,-0.009507002079504478,0.01891022083710119,0.01854688041923136,0.016373726679337935,0.001286685099730744,0.03389652701091261,0.024508470639878127,0.022756813038495007
2025-12-19,0.0017625090339330569,0.015873312740164135,0.03858226769342382,0.004000407866591435,0.005422726861126484,-0.0044993863680713635,0.0025985418858299946,-0.008585159575083596
2025-12-22,0.005995592928498358,0.00877507836208644,0.014807720863768647,-0.002060048477056384,-0.009915011500959322,0.015527202757109204,0.004739078487121393,0.00413549398094484
2025-12-23,0.0032643189413580063,0.013875653128588007,0.02960802520538894,0.003972124468264389,0.005116613877828172,-0.006507353223946919,0.016110849706755952,0.005186831137981822
2025-12-24,0.002564342513651545,-3.1634681539400324e-05,-0.003176160869262579,0.0024002425695715777,0.0053096944255422995,-0.0003295782832779731,0.0010333484556670999,0.003917460856794122
2025-12-26,0.0017386442535122352,-0.0022518239111735876,0.010128246578782895,-0.0006353623154994487,-0.0014984751785940306,-0.021258551524587485,0.0006022774408405259,-0.006402008393173236
2025-12-29,0.002128207307431888,-0.0018112368277267837,-0.012198174039463773,-0.0012515285287563304,0.0013159470067161956,-0.03327112293491262,-0.001937179352692427,-0.006959249336692101
2025-12-30,-0.012142457427785521,0.0005086770922109219,-0.003619329992199417,0.0007798555139255491,-0.0024870835251959533,-0.01139973602177475,0.0019801618568183687,0.01096159315737014
2025-12-31,-0.01952388036349701,-0.0023872350941622606,-0.005560855557135792,-0.007949824505874468,-0.004477611054965066,-0.0104187006411069,-0.007381025988312501,-0.008838380932576455
2026-01-02,-0.016028623420539193,0.004832224324318405,0.012521788173345913,-0.0223309251501613,-0.003131421666977736,-0.02624643791802105,-0.01889327280046985,-0.014773338065621023
2026-01-05,0.011833614100631605,0.0063227453053287625,-0.0038730170930417218,-0.00019035563217633658,-0.013933738517613961,0.03057312274344065,0.028550975746587545,0.012801893742596474
2026-01-06,0.025108469058462174,-0.008767734535484831,-0.004688795139394922,0.01189892640767269,-0.018504465279846907,-0.04230652917497186,0.033210483799024845,0.0027739948925622235
2026-01-07,-0.019159462807942867,0.02474300717522195,0.009937584060043825,0.010312145829044314,-0.007767566996107173,-0.003586402728205757,0.0026114748641676943,-0.01822383219674455
2026-01-08,0.019985593074858126,0.011042011208867076,-0.02175683184431315,-0.01114846507572145,-0.004967425592754203,0.010124471981728621,0.01939179681615764,-0.004062573469867062
2026-01-09,0.004942903933323752,0.00955517034088507,-0.0009732491752103244,0.002444193949197288,0.0012730846985475868,0.02091338126870214,0.004415959535942419,0.010776629983427929
2026-01-12,0.02582876395034069,0.010848129961219352,0.000432699636909862,-0.0043912574434964635,0.0033871074933367975,0.00883700211279967,-0.0036853485099490966,-0.017127476940797956
2026-01-13,-0.02931915195817434,0.01105873106415572,0.004693178813997547,-0.013736508896486622,0.003069147713342097,-0.003927828743923437,-0.015826265506308397,-0.01709300232090392
2026-01-14,0.019177569864391193,-0.0003567144449748976,-0.014473787878718945,-0.024279440189170654,-0.004184101371076401,-0.018051031148363036,-0.024831791107773515,-0.02498105493408204
2026-01-15,-0.03651255648502503,-0.009410449547759051,0.021125164339048683,-0.005938623145013116,-0.006754637533752875,-0.0014354670972459708,0.006444429028140061,0.00854147847033588
2026-01-16,0.025580315480514523,-0.008500454590701598,-0.0043936053878168,0.006982909509314685,-0.010433311478838362,-0.0024427450941923528,0.003938837966679267,-0.0008863266337104006
2026-01-20,-0.047980735123968964,-0.02507415341600454,-0.04480567027408543,-0.01168020245933228,-0.035166801688047915,-0.042609305094350874,-0.03454778703396358,-0.026349776956290413
2026-01-21,0.021023372932364438,0.019123207001856535,0.029056579750963277,-0.023169633344756864,0.003843435636429064,0.02866105598439217,0.0013410811217221105,0.014526871183521067
2026-01-22,-0.009692582304142473,0.0074633511067338,0.00825721619066442,0.0157054707038651,0.002822624697434856,0.040695858938020815,0.013014244969160121,0.05501983636279246
2026-01-23,-0.007596633490453139,-0.007311123008303986,0.015194528911584565,0.03230062336052797,-0.001249069268077672,-0.0006678119583802994,0.020359762712410228,0.017039741668327228
2026-01-26,0.01321408926117665,0.015588982437118577,-0.006414656086299057,0.009249908201714471,0.029280086238765112,-0.03135078007637384,-0.0030989827151846525,0.020434594748333864
2026-01-27,-0.008370223638485073,0.004217805475186996,0.010933690593106213,0.021665458667270262,0.011135349261250545,-0.009929693133760457,0.02591738783059459,0.0009068190158369401
2026-01-28,0.0010205124283528028,0.003813658748628659,0.015788190876832572,0.002182473591107379,-0.007110666301096413,0.0012987560805733547,-0.00684863228798761,-0.006320346579962272
2026-01-29,0.049993729168649276,0.0070525133761660235,0.005155768924444679,-0.10528436571963382,0.00714945879943628,-0.0351442835440217,-0.005281189009015846,0.09898342528172764
2026-01-30,-0.008247516691161956,-0.0003839538371772787,-0.007194213250918772,-0.0074324141529379046,0.004635379456155208,0.032707748293060876,-0.010103375476311564,-0.029985540027970492
2026-02-02,0.025845024659457778,0.018641785741731472,-0.029306114416740678,-0.016212885627165805,0.039779426403429755,-0.02018328139266714,0.015178840703943746,-0.014182479810115351
2026-02-03,-0.06708147548250228,-0.0122521312908093,-0.028803821486399327,-0.02914250604864986,-0.0019648412969745957,0.00035553266889641583,-0.01802454038618342,-0.02104341420370296
2026-02-04,-0.018033998306484077,-0.021839452375617754,-0.03469725096611551,0.0072208269872281825,0.0256803727265563,-0.038532688670109685,-0.02387675021837666,-0.03338325551857177
2026-02-05,0.0029019551453345572,-0.006048104011011884,-0.013350101548895904,-0.05081179884428329,-0.0020998540074744607,-0.02191272731756527,-0.04521487700574901,0.00182203115991928
2026-02-06,0.030707747731778867,-0.025152910791483445,0.07577302301087933,0.01879745669478541,0.007977885766246336,0.03439569638292661,-0.057150465515023806,-0.013141582582524345
2026-02-09,-0.008701887449236199,0.004015410484377428,0.024664966763379943,0.030588866559683087,-0.011729030888589332,0.014992548192064116,-0.007636568568798812,0.02354659362185873
2026-02-10,-0.009890581735606049,-0.017946742445284932,-0.007924416525772629,-0.0007982784835396777,-0.0034287922059860762,0.018729813289406434,-0.008468076358810299,-0.00964442136226291
2026-02-11,-0.0671560067320094,-0.023177209163379536,0.007977089879130206,-0.021770827640910106,0.006628114685600525,0.007170667714086594,-0.01401348751238724,-0.003031140362797106
2026-02-12,-0.049941844646061495,-0.006315465125244321,-0.016499491079763246,-0.006276282350313641,-0.051274148572826785,-0.026499721174377204,-0.022196688349696986,-0.02864056949998354
2026-02-13,0.010960124668796608,-0.010887460832143682,-0.022340344621430332,-0.0012948429668145959,-0.022995784787441406,0.0008867362574486323,-0.004066437083335938,-0.01557124141845082
2026-02-17,-0.01563344868877817,-0.010511911753757288,0.011746279262754105,-0.011175581103172197,0.03117677762588167,-0.016448249621048336,0.011801910679928636,-0.0007506161202155947
2026-02-18,0.009555113950805872,0.0036918119785271254,0.016141868716214123,0.006880484157494272,0.0017795329116435036,0.001678940551719039,0.017934163011373634,0.006128615190106061
2026-02-19,-0.017444926516950524,-0.0012511220658453937,-0.0004256193690695209,-0.0005770833455999856,-0.0143641415256223,0.000947679089765262,0.0003417909236829623,0.002422452417165249
2026-02-20,0.003427881506413925,0.03667589128186532,0.010166403704481202,-0.003091609658687483,0.015233748038497256,0.0002671812076260135,0.025304384018124338,0.016733102162986558
2026-02-23,-0.1409583983888105,-0.010246001361581117,0.00907260443723529,-0.032649720007401746,0.006029131859271349,-0.02954695527872473,-0.023304999462925406,-0.02848027768541319
2026-02-24,0.02637836485377624,-0.0024734010300246816,0.006763798223351665,0.011713577948725896,0.022143949447182894,0.023604408796446652,0.015900551376285547,0.0032117654220852362
2026-02-25,0.03521756210290101,0.006763309055124719,0.013954478630994869,0.029384094849206652,0.007650516806739749,0.01940114803767631,0.009923754371216356,0.02225942802107606
2026-02-26,0.018643022836965714,-0.0189627852006868,-0.056106163785103344,0.0027918930961768774,-0.004678537445938535,-0.021357279325286554,-0.012997130763748655,0.005066017233281383
2026-02-27,-0.0074654562162631884,0.013838335780352085,-0.04253837483251021,-0.02260754110711472,-0.03265801167898957,-0.014967735162802963,0.009954149190768667,-0.01353082967538709
2026-03-02,-0.0035031171129414227,-0.01641373252661436,0.029417916615645075,0.014685139788609984,0.0020420069532886102,0.002010344152525457,-0.007696209563361218,0.008265914169791848
2026-03-03,0.024389958557029426,-0.009181615998435295,-0.013405999706042235,0.013408647244178758,-0.0036709834343797076,-0.027372150980348144,0.0016302091348675868,0.002323053242771824
2026-03-04,0.019300469156841683,-0.0003623374193875564,0.01647011544804586,0.0031392250109650473,-0.004674457034245198,0.03384721273919843,0.03802601972435073,0.019126479292364336
2026-03-05,0.02562265050291088,-0.00840572381047837,0.0016376663504562787,0.013433502095925965,-0.008530800875914566,-0.00096123102727329,0.009730180814114253,-0.010780761209679544
2026-03-06,0.008925237120780754,-0.008711497729154555,-0.030570537605429608,-0.004196973741552476,-0.01093209183794695,-0.02198816416611494,-0.026520103831069775,-0.024069893495694997
2026-03-09,-0.02155577306835652,0.0262223710236332,0.026799887586009843,0.0010997770081359087,0.009355669758880348,0.004903095477786746,0.0013123918981728527,0.0039157013419376385
2026-03-10,-0.012432408023369614,0.003001871626391216,0.011540154718599876,-0.008955231986681241,0.00364879782998301,0.0014036436297643494,0.003926872997654284,0.010265472967792085
2026-03-11,-0.005329933679754861,0.004842849270553758,0.006850206049899695,-0.002171136910573758,-7.663911620952738e-05,0.02126320318819362,-0.007869298894721337,0.0012070593961176293
2026-03-12,-0.004793091325717182,-0.01703692739353082,-0.015657060121153334,-0.007487006160910448,-0.019552680241045003,-0.031914812787204434,-0.014780671622370333,-0.025801086224831373
